INSERT INTO geltokia(izena,x,y) values('Amaiur',1,3);
INSERT INTO geltokia(izena,x,y) values('Bera',3,2);
INSERT INTO geltokia(izena,x,y) values('Ziga',3.5,3);
INSERT INTO geltokia(izena,x,y) values('Lesaka',3,1);
INSERT INTO geltokia(izena,x,y) values('Igantzi',6,2.5);
INSERT INTO geltokia(izena,x,y) values('Arantza',5,4);
INSERT INTO geltokia(izena,x,y) values('Etxalar',2,5);
INSERT INTO geltokia(izena,x,y) values('Sunbilla',4,6);

INSERT INTO eskaera(geltokiaA,geltokiaB,irteeraOrdua,helmugaOrdua)  VALUES(1,2,60,300);
INSERT INTO eskaera(geltokiaA,geltokiaB,irteeraOrdua,helmugaOrdua)  VALUES(6,3,180,360);
INSERT INTO eskaera(geltokiaA,geltokiaB,irteeraOrdua,helmugaOrdua)  VALUES(3,2,480,600);
INSERT INTO eskaera(geltokiaA,geltokiaB,irteeraOrdua,helmugaOrdua)  VALUES(8,5,360,560);
INSERT INTO eskaera(geltokiaA,geltokiaB,irteeraOrdua,helmugaOrdua)  VALUES(1,3,840,1020);
INSERT INTO eskaera(geltokiaA,geltokiaB,irteeraOrdua,helmugaOrdua)  VALUES(4,7,1200,1320);
INSERT INTO eskaera(geltokiaA,geltokiaB,irteeraOrdua,helmugaOrdua)  VALUES(2,5,660,1340);
INSERT INTO eskaera(geltokiaA,geltokiaB,irteeraOrdua,helmugaOrdua)  VALUES(5,7,1020,1140);
INSERT INTO eskaera(geltokiaA,geltokiaB,irteeraOrdua,helmugaOrdua)  VALUES(7,5,1260,1380);
INSERT INTO eskaera(geltokiaA,geltokiaB,irteeraOrdua,helmugaOrdua) VALUES(8,7,639,931);
INSERT INTO eskaera(geltokiaA,geltokiaB,irteeraOrdua,helmugaOrdua) VALUES(8,6,829,1406);
INSERT INTO eskaera(geltokiaA,geltokiaB,irteeraOrdua,helmugaOrdua) VALUES(7,6,786,1207);
INSERT INTO eskaera(geltokiaA,geltokiaB,irteeraOrdua,helmugaOrdua) VALUES(6,7,771,798);
INSERT INTO eskaera(geltokiaA,geltokiaB,irteeraOrdua,helmugaOrdua) VALUES(6,6,718,1271);
INSERT INTO eskaera(geltokiaA,geltokiaB,irteeraOrdua,helmugaOrdua) VALUES(1,7,58,1213);
INSERT INTO eskaera(geltokiaA,geltokiaB,irteeraOrdua,helmugaOrdua) VALUES(6,1,852,1060);
INSERT INTO eskaera(geltokiaA,geltokiaB,irteeraOrdua,helmugaOrdua) VALUES(2,5,16,726);
INSERT INTO eskaera(geltokiaA,geltokiaB,irteeraOrdua,helmugaOrdua) VALUES(8,6,1077,1169);
INSERT INTO eskaera(geltokiaA,geltokiaB,irteeraOrdua,helmugaOrdua) VALUES(6,3,696,720);
INSERT INTO eskaera(geltokiaA,geltokiaB,irteeraOrdua,helmugaOrdua) VALUES(1,2,1069,1416);
INSERT INTO eskaera(geltokiaA,geltokiaB,irteeraOrdua,helmugaOrdua) VALUES(3,2,412,590);
INSERT INTO eskaera(geltokiaA,geltokiaB,irteeraOrdua,helmugaOrdua) VALUES(6,3,360,1243);
INSERT INTO eskaera(geltokiaA,geltokiaB,irteeraOrdua,helmugaOrdua) VALUES(4,4,1273,1418);
INSERT INTO eskaera(geltokiaA,geltokiaB,irteeraOrdua,helmugaOrdua) VALUES(1,7,637,962);
INSERT INTO eskaera(geltokiaA,geltokiaB,irteeraOrdua,helmugaOrdua) VALUES(6,4,338,721);
INSERT INTO eskaera(geltokiaA,geltokiaB,irteeraOrdua,helmugaOrdua) VALUES(8,7,176,608);
INSERT INTO eskaera(geltokiaA,geltokiaB,irteeraOrdua,helmugaOrdua) VALUES(8,6,1069,1070);
INSERT INTO eskaera(geltokiaA,geltokiaB,irteeraOrdua,helmugaOrdua) VALUES(6,6,854,1316);
INSERT INTO eskaera(geltokiaA,geltokiaB,irteeraOrdua,helmugaOrdua) VALUES(6,4,967,1281);
INSERT INTO eskaera(geltokiaA,geltokiaB,irteeraOrdua,helmugaOrdua) VALUES(8,3,1099,1346);
INSERT INTO eskaera(geltokiaA,geltokiaB,irteeraOrdua,helmugaOrdua) VALUES(7,6,886,1397);
INSERT INTO eskaera(geltokiaA,geltokiaB,irteeraOrdua,helmugaOrdua) VALUES(1,3,266,371);
INSERT INTO eskaera(geltokiaA,geltokiaB,irteeraOrdua,helmugaOrdua) VALUES(8,7,1230,1351);
INSERT INTO eskaera(geltokiaA,geltokiaB,irteeraOrdua,helmugaOrdua) VALUES(4,3,24,1212);
INSERT INTO eskaera(geltokiaA,geltokiaB,irteeraOrdua,helmugaOrdua) VALUES(7,8,1040,1222);
INSERT INTO eskaera(geltokiaA,geltokiaB,irteeraOrdua,helmugaOrdua) VALUES(4,7,175,632);
INSERT INTO eskaera(geltokiaA,geltokiaB,irteeraOrdua,helmugaOrdua) VALUES(7,6,446,480);
INSERT INTO eskaera(geltokiaA,geltokiaB,irteeraOrdua,helmugaOrdua) VALUES(4,3,1121,1384);
INSERT INTO eskaera(geltokiaA,geltokiaB,irteeraOrdua,helmugaOrdua) VALUES(7,6,162,1113);
INSERT INTO eskaera(geltokiaA,geltokiaB,irteeraOrdua,helmugaOrdua) VALUES(3,2,1054,1197);
INSERT INTO eskaera(geltokiaA,geltokiaB,irteeraOrdua,helmugaOrdua) VALUES(8,6,681,1321);
INSERT INTO eskaera(geltokiaA,geltokiaB,irteeraOrdua,helmugaOrdua) VALUES(1,4,781,952);
INSERT INTO eskaera(geltokiaA,geltokiaB,irteeraOrdua,helmugaOrdua) VALUES(5,5,1299,1324);
INSERT INTO eskaera(geltokiaA,geltokiaB,irteeraOrdua,helmugaOrdua) VALUES(8,3,686,964);
INSERT INTO eskaera(geltokiaA,geltokiaB,irteeraOrdua,helmugaOrdua) VALUES(1,2,929,1094);
INSERT INTO eskaera(geltokiaA,geltokiaB,irteeraOrdua,helmugaOrdua) VALUES(2,8,560,1132);
INSERT INTO eskaera(geltokiaA,geltokiaB,irteeraOrdua,helmugaOrdua) VALUES(3,1,107,1208);
INSERT INTO eskaera(geltokiaA,geltokiaB,irteeraOrdua,helmugaOrdua) VALUES(3,6,494,916);
INSERT INTO eskaera(geltokiaA,geltokiaB,irteeraOrdua,helmugaOrdua) VALUES(8,3,1101,1311);
INSERT INTO eskaera(geltokiaA,geltokiaB,irteeraOrdua,helmugaOrdua) VALUES(8,8,1320,1413);
INSERT INTO eskaera(geltokiaA,geltokiaB,irteeraOrdua,helmugaOrdua) VALUES(3,6,501,1254);
INSERT INTO eskaera(geltokiaA,geltokiaB,irteeraOrdua,helmugaOrdua) VALUES(3,3,630,633);
INSERT INTO eskaera(geltokiaA,geltokiaB,irteeraOrdua,helmugaOrdua) VALUES(7,7,713,924);
INSERT INTO eskaera(geltokiaA,geltokiaB,irteeraOrdua,helmugaOrdua) VALUES(4,7,879,1115);
INSERT INTO eskaera(geltokiaA,geltokiaB,irteeraOrdua,helmugaOrdua) VALUES(6,6,886,970);
INSERT INTO eskaera(geltokiaA,geltokiaB,irteeraOrdua,helmugaOrdua) VALUES(5,5,373,1227);
INSERT INTO eskaera(geltokiaA,geltokiaB,irteeraOrdua,helmugaOrdua) VALUES(3,1,194,898);
INSERT INTO eskaera(geltokiaA,geltokiaB,irteeraOrdua,helmugaOrdua) VALUES(3,3,228,1264);
INSERT INTO eskaera(geltokiaA,geltokiaB,irteeraOrdua,helmugaOrdua) VALUES(2,3,632,1177);
INSERT INTO eskaera(geltokiaA,geltokiaB,irteeraOrdua,helmugaOrdua) VALUES(5,6,254,389);
INSERT INTO eskaera(geltokiaA,geltokiaB,irteeraOrdua,helmugaOrdua) VALUES(3,8,1202,1410);
INSERT INTO eskaera(geltokiaA,geltokiaB,irteeraOrdua,helmugaOrdua) VALUES(4,3,293,1192);
INSERT INTO eskaera(geltokiaA,geltokiaB,irteeraOrdua,helmugaOrdua) VALUES(7,2,177,467);
INSERT INTO eskaera(geltokiaA,geltokiaB,irteeraOrdua,helmugaOrdua) VALUES(7,3,843,1139);
INSERT INTO eskaera(geltokiaA,geltokiaB,irteeraOrdua,helmugaOrdua) VALUES(8,4,920,958);
INSERT INTO eskaera(geltokiaA,geltokiaB,irteeraOrdua,helmugaOrdua) VALUES(4,6,56,144);
INSERT INTO eskaera(geltokiaA,geltokiaB,irteeraOrdua,helmugaOrdua) VALUES(7,2,1218,1222);
INSERT INTO eskaera(geltokiaA,geltokiaB,irteeraOrdua,helmugaOrdua) VALUES(1,1,382,1039);
INSERT INTO eskaera(geltokiaA,geltokiaB,irteeraOrdua,helmugaOrdua) VALUES(7,3,1209,1415);
INSERT INTO eskaera(geltokiaA,geltokiaB,irteeraOrdua,helmugaOrdua) VALUES(5,5,1074,1363);
INSERT INTO eskaera(geltokiaA,geltokiaB,irteeraOrdua,helmugaOrdua) VALUES(4,1,517,831);
INSERT INTO eskaera(geltokiaA,geltokiaB,irteeraOrdua,helmugaOrdua) VALUES(6,8,611,1218);
INSERT INTO eskaera(geltokiaA,geltokiaB,irteeraOrdua,helmugaOrdua) VALUES(3,2,211,357);
INSERT INTO eskaera(geltokiaA,geltokiaB,irteeraOrdua,helmugaOrdua) VALUES(7,1,392,638);
INSERT INTO eskaera(geltokiaA,geltokiaB,irteeraOrdua,helmugaOrdua) VALUES(8,4,1092,1200);
INSERT INTO eskaera(geltokiaA,geltokiaB,irteeraOrdua,helmugaOrdua) VALUES(6,3,1346,1364);
INSERT INTO eskaera(geltokiaA,geltokiaB,irteeraOrdua,helmugaOrdua) VALUES(8,4,253,1433);
INSERT INTO eskaera(geltokiaA,geltokiaB,irteeraOrdua,helmugaOrdua) VALUES(3,4,1371,1380);
INSERT INTO eskaera(geltokiaA,geltokiaB,irteeraOrdua,helmugaOrdua) VALUES(3,8,1168,1187);
INSERT INTO eskaera(geltokiaA,geltokiaB,irteeraOrdua,helmugaOrdua) VALUES(2,5,377,1048);
INSERT INTO eskaera(geltokiaA,geltokiaB,irteeraOrdua,helmugaOrdua) VALUES(8,5,1087,1204);
INSERT INTO eskaera(geltokiaA,geltokiaB,irteeraOrdua,helmugaOrdua) VALUES(1,4,1392,1430);
INSERT INTO eskaera(geltokiaA,geltokiaB,irteeraOrdua,helmugaOrdua) VALUES(8,1,523,1384);
INSERT INTO eskaera(geltokiaA,geltokiaB,irteeraOrdua,helmugaOrdua) VALUES(6,7,839,943);
INSERT INTO eskaera(geltokiaA,geltokiaB,irteeraOrdua,helmugaOrdua) VALUES(8,5,777,1353);
INSERT INTO eskaera(geltokiaA,geltokiaB,irteeraOrdua,helmugaOrdua) VALUES(8,7,355,1043);
INSERT INTO eskaera(geltokiaA,geltokiaB,irteeraOrdua,helmugaOrdua) VALUES(1,6,427,500);
INSERT INTO eskaera(geltokiaA,geltokiaB,irteeraOrdua,helmugaOrdua) VALUES(1,8,861,1031);
INSERT INTO eskaera(geltokiaA,geltokiaB,irteeraOrdua,helmugaOrdua) VALUES(2,1,655,911);
INSERT INTO eskaera(geltokiaA,geltokiaB,irteeraOrdua,helmugaOrdua) VALUES(2,6,457,861);
INSERT INTO eskaera(geltokiaA,geltokiaB,irteeraOrdua,helmugaOrdua) VALUES(6,1,822,866);
INSERT INTO eskaera(geltokiaA,geltokiaB,irteeraOrdua,helmugaOrdua) VALUES(6,8,769,1269);
INSERT INTO eskaera(geltokiaA,geltokiaB,irteeraOrdua,helmugaOrdua) VALUES(4,7,642,1201);
INSERT INTO eskaera(geltokiaA,geltokiaB,irteeraOrdua,helmugaOrdua) VALUES(8,7,840,1429);
INSERT INTO eskaera(geltokiaA,geltokiaB,irteeraOrdua,helmugaOrdua) VALUES(5,2,1172,1192);
INSERT INTO eskaera(geltokiaA,geltokiaB,irteeraOrdua,helmugaOrdua) VALUES(7,1,1201,1223);
INSERT INTO eskaera(geltokiaA,geltokiaB,irteeraOrdua,helmugaOrdua) VALUES(1,1,69,450);
INSERT INTO eskaera(geltokiaA,geltokiaB,irteeraOrdua,helmugaOrdua) VALUES(6,6,799,1301);
INSERT INTO eskaera(geltokiaA,geltokiaB,irteeraOrdua,helmugaOrdua) VALUES(8,2,1430,1438);
INSERT INTO eskaera(geltokiaA,geltokiaB,irteeraOrdua,helmugaOrdua) VALUES(2,3,68,561);
INSERT INTO eskaera(geltokiaA,geltokiaB,irteeraOrdua,helmugaOrdua) VALUES(2,5,391,1300);
INSERT INTO eskaera(geltokiaA,geltokiaB,irteeraOrdua,helmugaOrdua) VALUES(2,6,745,1239);
INSERT INTO eskaera(geltokiaA,geltokiaB,irteeraOrdua,helmugaOrdua) VALUES(3,8,929,1014);
INSERT INTO eskaera(geltokiaA,geltokiaB,irteeraOrdua,helmugaOrdua) VALUES(3,4,580,778);
INSERT INTO eskaera(geltokiaA,geltokiaB,irteeraOrdua,helmugaOrdua) VALUES(8,4,442,1195);
INSERT INTO eskaera(geltokiaA,geltokiaB,irteeraOrdua,helmugaOrdua) VALUES(1,3,201,1227);
INSERT INTO eskaera(geltokiaA,geltokiaB,irteeraOrdua,helmugaOrdua) VALUES(6,6,249,986);
INSERT INTO eskaera(geltokiaA,geltokiaB,irteeraOrdua,helmugaOrdua) VALUES(1,7,831,1078);
INSERT INTO eskaera(geltokiaA,geltokiaB,irteeraOrdua,helmugaOrdua) VALUES(5,6,780,1370);

INSERT INTO distantzia(geltokiaA,geltokiaB,denbora) VALUES(1,1,0);
INSERT INTO distantzia(geltokiaA,geltokiaB,denbora) VALUES(1,2,11);
INSERT INTO distantzia(geltokiaA,geltokiaB,denbora) VALUES(1,3,13);
INSERT INTO distantzia(geltokiaA,geltokiaB,denbora) VALUES(1,4,22);
INSERT INTO distantzia(geltokiaA,geltokiaB,denbora) VALUES(1,5,25);
INSERT INTO distantzia(geltokiaA,geltokiaB,denbora) VALUES(1,6,20);
INSERT INTO distantzia(geltokiaA,geltokiaB,denbora) VALUES(1,7,11);
INSERT INTO distantzia(geltokiaA,geltokiaB,denbora) VALUES(1,8,21);
INSERT INTO distantzia(geltokiaA,geltokiaB,denbora) VALUES(2,1,11);
INSERT INTO distantzia(geltokiaA,geltokiaB,denbora) VALUES(2,2,0);
INSERT INTO distantzia(geltokiaA,geltokiaB,denbora) VALUES(2,3,10);
INSERT INTO distantzia(geltokiaA,geltokiaB,denbora) VALUES(2,4,11);
INSERT INTO distantzia(geltokiaA,geltokiaB,denbora) VALUES(2,5,15);
INSERT INTO distantzia(geltokiaA,geltokiaB,denbora) VALUES(2,6,14);
INSERT INTO distantzia(geltokiaA,geltokiaB,denbora) VALUES(2,7,15);
INSERT INTO distantzia(geltokiaA,geltokiaB,denbora) VALUES(2,8,20);
INSERT INTO distantzia(geltokiaA,geltokiaB,denbora) VALUES(3,1,13);
INSERT INTO distantzia(geltokiaA,geltokiaB,denbora) VALUES(3,2,10);
INSERT INTO distantzia(geltokiaA,geltokiaB,denbora) VALUES(3,3,0);
INSERT INTO distantzia(geltokiaA,geltokiaB,denbora) VALUES(3,4,16);
INSERT INTO distantzia(geltokiaA,geltokiaB,denbora) VALUES(3,5,14);
INSERT INTO distantzia(geltokiaA,geltokiaB,denbora) VALUES(3,6,7);
INSERT INTO distantzia(geltokiaA,geltokiaB,denbora) VALUES(3,7,9);
INSERT INTO distantzia(geltokiaA,geltokiaB,denbora) VALUES(3,8,10);
INSERT INTO distantzia(geltokiaA,geltokiaB,denbora) VALUES(4,1,22);
INSERT INTO distantzia(geltokiaA,geltokiaB,denbora) VALUES(4,2,11);
INSERT INTO distantzia(geltokiaA,geltokiaB,denbora) VALUES(4,3,16);
INSERT INTO distantzia(geltokiaA,geltokiaB,denbora) VALUES(4,4,0);
INSERT INTO distantzia(geltokiaA,geltokiaB,denbora) VALUES(4,5,9);
INSERT INTO distantzia(geltokiaA,geltokiaB,denbora) VALUES(4,6,15);
INSERT INTO distantzia(geltokiaA,geltokiaB,denbora) VALUES(4,7,25);
INSERT INTO distantzia(geltokiaA,geltokiaB,denbora) VALUES(4,8,25);
INSERT INTO distantzia(geltokiaA,geltokiaB,denbora) VALUES(5,1,25);
INSERT INTO distantzia(geltokiaA,geltokiaB,denbora) VALUES(5,2,15);
INSERT INTO distantzia(geltokiaA,geltokiaB,denbora) VALUES(5,3,14);
INSERT INTO distantzia(geltokiaA,geltokiaB,denbora) VALUES(5,4,9);
INSERT INTO distantzia(geltokiaA,geltokiaB,denbora) VALUES(5,5,0);
INSERT INTO distantzia(geltokiaA,geltokiaB,denbora) VALUES(5,6,9);
INSERT INTO distantzia(geltokiaA,geltokiaB,denbora) VALUES(5,7,23);
INSERT INTO distantzia(geltokiaA,geltokiaB,denbora) VALUES(5,8,20);
INSERT INTO distantzia(geltokiaA,geltokiaB,denbora) VALUES(6,1,20);
INSERT INTO distantzia(geltokiaA,geltokiaB,denbora) VALUES(6,2,14);
INSERT INTO distantzia(geltokiaA,geltokiaB,denbora) VALUES(6,3,7);
INSERT INTO distantzia(geltokiaA,geltokiaB,denbora) VALUES(6,4,15);
INSERT INTO distantzia(geltokiaA,geltokiaB,denbora) VALUES(6,5,9);
INSERT INTO distantzia(geltokiaA,geltokiaB,denbora) VALUES(6,6,0);
INSERT INTO distantzia(geltokiaA,geltokiaB,denbora) VALUES(6,7,15);
INSERT INTO distantzia(geltokiaA,geltokiaB,denbora) VALUES(6,8,11);
INSERT INTO distantzia(geltokiaA,geltokiaB,denbora) VALUES(7,1,11);
INSERT INTO distantzia(geltokiaA,geltokiaB,denbora) VALUES(7,2,15);
INSERT INTO distantzia(geltokiaA,geltokiaB,denbora) VALUES(7,3,9);
INSERT INTO distantzia(geltokiaA,geltokiaB,denbora) VALUES(7,4,25);
INSERT INTO distantzia(geltokiaA,geltokiaB,denbora) VALUES(7,5,23);
INSERT INTO distantzia(geltokiaA,geltokiaB,denbora) VALUES(7,6,15);
INSERT INTO distantzia(geltokiaA,geltokiaB,denbora) VALUES(7,7,0);
INSERT INTO distantzia(geltokiaA,geltokiaB,denbora) VALUES(7,8,11);
INSERT INTO distantzia(geltokiaA,geltokiaB,denbora) VALUES(8,1,21);
INSERT INTO distantzia(geltokiaA,geltokiaB,denbora) VALUES(8,2,20);
INSERT INTO distantzia(geltokiaA,geltokiaB,denbora) VALUES(8,3,10);
INSERT INTO distantzia(geltokiaA,geltokiaB,denbora) VALUES(8,4,25);
INSERT INTO distantzia(geltokiaA,geltokiaB,denbora) VALUES(8,5,20);
INSERT INTO distantzia(geltokiaA,geltokiaB,denbora) VALUES(8,6,11);
INSERT INTO distantzia(geltokiaA,geltokiaB,denbora) VALUES(8,7,11);
INSERT INTO distantzia(geltokiaA,geltokiaB,denbora) VALUES(8,8,0);

INSERT INTO erabiltzailea(izena) VALUES ('Hodei');
INSERT INTO erabiltzailea(izena) VALUES ('Bingen');
INSERT INTO erabiltzailea(izena) VALUES ('Kepa');
INSERT INTO erabiltzailea(izena) VALUES ('Iñigo');

INSERT INTO linea(izena) VALUES ('1');
INSERT INTO linea_geltokiak(lineaID,geltokiaID,posizioa) VALUES(1,1,1);
INSERT INTO linea_geltokiak(lineaID,geltokiaID,posizioa) VALUES(1,2,2);
INSERT INTO linea_geltokiak(lineaID,geltokiaID,posizioa) VALUES(1,3,3);
INSERT INTO linea_geltokiak(lineaID,geltokiaID,posizioa) VALUES(1,4,4);
INSERT INTO linea_geltokiak(lineaID,geltokiaID,posizioa) VALUES(1,5,5);
INSERT INTO linea_geltokiak(lineaID,geltokiaID,posizioa) VALUES(1,6,6);
INSERT INTO linea_geltokiak(lineaID,geltokiaID,posizioa) VALUES(1,7,7);
INSERT INTO linea_geltokiak(lineaID,geltokiaID,posizioa) VALUES(1,8,8);
INSERT INTO linea(izena) VALUES ('2');
INSERT INTO linea_geltokiak(lineaID,geltokiaID,posizioa) VALUES(2,8,3);
INSERT INTO linea_geltokiak(lineaID,geltokiaID,posizioa) VALUES(2,2,2);
INSERT INTO linea_geltokiak(lineaID,geltokiaID,posizioa) VALUES(2,7,1);
INSERT INTO linea_geltokiak(lineaID,geltokiaID,posizioa) VALUES(2,4,4);
INSERT INTO linea_geltokiak(lineaID,geltokiaID,posizioa) VALUES(2,5,5);
INSERT INTO linea(izena) VALUES ('3');
INSERT INTO linea_geltokiak(lineaID,geltokiaID,posizioa) VALUES(3,1,4);
INSERT INTO linea_geltokiak(lineaID,geltokiaID,posizioa) VALUES(3,6,1);
INSERT INTO linea_geltokiak(lineaID,geltokiaID,posizioa) VALUES(3,3,2);
INSERT INTO linea_geltokiak(lineaID,geltokiaID,posizioa) VALUES(3,4,3);
INSERT INTO linea_geltokiak(lineaID,geltokiaID,posizioa) VALUES(3,5,5);
INSERT INTO linea_geltokiak(lineaID,geltokiaID,posizioa) VALUES(3,7,6);
INSERT INTO linea(izena) VALUES ('4');
INSERT INTO linea_geltokiak(lineaID,geltokiaID,posizioa) VALUES(4,1,8);
INSERT INTO linea_geltokiak(lineaID,geltokiaID,posizioa) VALUES(4,2,7);
INSERT INTO linea_geltokiak(lineaID,geltokiaID,posizioa) VALUES(4,3,6);
INSERT INTO linea_geltokiak(lineaID,geltokiaID,posizioa) VALUES(4,4,5);
INSERT INTO linea_geltokiak(lineaID,geltokiaID,posizioa) VALUES(4,5,4);
INSERT INTO linea_geltokiak(lineaID,geltokiaID,posizioa) VALUES(4,6,3);
INSERT INTO linea_geltokiak(lineaID,geltokiaID,posizioa) VALUES(4,7,2);
INSERT INTO linea_geltokiak(lineaID,geltokiaID,posizioa) VALUES(4,8,1);

INSERT INTO ordutegia(lineaID,irteeraOrdua,helmugaOrdua,finkoa) values(1,480,561,true);
INSERT INTO ordutegia(lineaID,irteeraOrdua,helmugaOrdua,finkoa) values(2,500,569,true);
INSERT INTO ordutegia(lineaID,irteeraOrdua,helmugaOrdua,finkoa) values(3,570,593,true);
INSERT INTO ordutegia(lineaID,irteeraOrdua,helmugaOrdua,finkoa) values(3,565,635,true);

INSERT INTO ordutegia(lineaID,irteeraOrdua,helmugaOrdua,finkoa) values(1,900,993,true);
INSERT INTO ordutegia(lineaID,irteeraOrdua,helmugaOrdua,finkoa) values(2,1000,1070,true);
INSERT INTO ordutegia(lineaID,irteeraOrdua,helmugaOrdua,finkoa) values(3,1000,1093,true);

INSERT INTO ordutegia(lineaID,irteeraOrdua,helmugaOrdua,finkoa) values(1,1200,1281,true);
INSERT INTO ordutegia(lineaID,irteeraOrdua,helmugaOrdua,finkoa) values(2,1300,1370,true);
INSERT INTO ordutegia(lineaID,irteeraOrdua,helmugaOrdua,finkoa) values(3,1100,1193,true);
INSERT INTO ordutegia(lineaID,irteeraOrdua,helmugaOrdua,finkoa) values(4,1410,1480,true);

INSERT INTO ibilbidea(ordutegiaID,eguraldia, autobusaID) VALUES (1,"eguzkia",1);
INSERT INTO ibilbidea(ordutegiaID,eguraldia, autobusaID) VALUES (2,"euria",1);
INSERT INTO ibilbidea(ordutegiaID,eguraldia, autobusaID) VALUES (3,"lainoa",1);
INSERT INTO ibilbidea(ordutegiaID,eguraldia, autobusaID) VALUES (11,"euria",1);
INSERT INTO ibilbidea(ordutegiaID,eguraldia, autobusaID) VALUES (5,"eguzkia",1);
INSERT INTO ibilbidea(ordutegiaID,eguraldia, autobusaID) VALUES (6,"euria",1);
INSERT INTO ibilbidea(ordutegiaID,eguraldia, autobusaID) VALUES (4,"lainoa",1);
INSERT INTO ibilbidea(ordutegiaID,eguraldia, autobusaID) VALUES (11,"euria",1);
INSERT INTO ibilbidea(ordutegiaID,eguraldia, autobusaID) VALUES (8,"eguzkia",1);
INSERT INTO ibilbidea(ordutegiaID,eguraldia, autobusaID) VALUES (9,"euria",1);
INSERT INTO ibilbidea(ordutegiaID,eguraldia, autobusaID) VALUES (10,"lainoa",1);
INSERT INTO ibilbidea(ordutegiaID,eguraldia, autobusaID) VALUES (11,"euria",1);
